{
    "IWDA": {
        "total_quantity": 81.8212,
        "total_cost": 8508.79773396132,
        "avg_purchase_price": 103.99258057766593,
        "current_price": 110.0,
        "current_value": 9000.332,
        "absolute_pl": 491.53426603867956,
        "percentage_return": 5.776776947897231,
        "realized_total": -0.32028381,
        "unrealized_total": -499.657451
    }
}